{
  "manifest_version": 3,
  "name": "HistoryMirror",
  "description": "Real-time AI-powered historical comparisons for news articles.",
  "version": "1.2",
  "permissions": ["activeTab", "storage", "scripting"],
  "host_permissions": ["*://*/*"],
  "background": { "service_worker": "background.js" },
  "content_scripts": [
    {
      "matches": ["*://*/*"],
      "js": ["content.js"]
    }
  ],
  "web_accessible_resources": [
    {
      "resources": ["modal.css", "modal.html"],
      "matches": ["*://*/*"]
    }
  ]
}
